emp_no,title,dept_no,dept_name
10095,Staff,d007,Sales
10122,Technique Leader,d005,Development
10291,Staff,d007,Sales
10476,Staff,d008,Research
10663,Technique Leader,d004,Production
10762,Staff,d008,Research
10933,Senior Engineer,d004,Production
12155,Senior Engineer,d004,Production
12408,Senior Engineer,d005,Development
12643,Staff,d002,Finance
13499,Technique Leader,d004,Production
14075,Engineer,d005,Development
14104,Staff,d003,Human Resources
14127,Senior Engineer,d004,Production
14158,Staff,d007,Sales
14476,Engineer,d004,Production
14907,Staff,d007,Sales
15050,Senior Engineer,d004,Production
15058,Staff,d002,Finance
15413,Senior Engineer,d005,Development
16461,Staff,d007,Sales
16528,Engineer,d004,Production
17013,Staff,d002,Finance
17206,Senior Engineer,d004,Production
17369,Senior Engineer,d004,Production
17447,Staff,d007,Sales
17731,Engineer,d005,Development
17970,Technique Leader,d004,Production
17988,Senior Engineer,d004,Production
18021,Senior Engineer,d005,Development
18424,Senior Engineer,d005,Development
18583,Staff,d009,Customer Service
18617,Staff,d003,Human Resources
18810,Senior Engineer,d005,Development
19236,Senior Engineer,d004,Production
19350,Staff,d009,Customer Service
19803,Senior Engineer,d005,Development
20100,Staff,d001,Marketing
20128,Senior Staff,d009,Customer Service
20129,Senior Engineer,d004,Production
20248,Staff,d009,Customer Service
20313,Engineer,d004,Production
20500,Staff,d009,Customer Service
20885,Senior Engineer,d004,Production
21181,Engineer,d004,Production
21188,Engineer,d005,Development
21546,Senior Staff,d001,Marketing
21843,Senior Engineer,d005,Development
21909,Staff,d007,Sales
22185,Engineer,d004,Production
22415,Senior Staff,d007,Sales
22451,Staff,d005,Development
22455,Staff,d001,Marketing
22926,Senior Engineer,d004,Production
23396,Technique Leader,d004,Production
24080,Technique Leader,d005,Development
24205,Senior Engineer,d005,Development
24377,Senior Engineer,d006,Quality Management
24394,Staff,d007,Sales
24553,Staff,d007,Sales
24571,Senior Engineer,d004,Production
25488,Staff,d008,Research
26629,Senior Staff,d008,Research
26671,Senior Engineer,d005,Development
26788,Senior Engineer,d005,Development
27331,Staff,d009,Customer Service
27378,Senior Staff,d002,Finance
27620,Senior Engineer,d004,Production
27686,Senior Staff,d007,Sales
27699,Engineer,d004,Production
27767,Staff,d009,Customer Service
28193,Senior Engineer,d005,Development
28974,Senior Engineer,d005,Development
28988,Technique Leader,d004,Production
29130,Staff,d001,Marketing
29265,Staff,d009,Customer Service
29380,Assistant Engineer,d004,Production
29418,Assistant Engineer,d004,Production
29679,Senior Engineer,d005,Development
29782,Senior Engineer,d004,Production
29954,Senior Engineer,d004,Production
30007,Senior Engineer,d004,Production
30035,Senior Staff,d008,Research
30154,Technique Leader,d005,Development
30182,Senior Engineer,d005,Development
30465,Senior Engineer,d005,Development
30484,Staff,d007,Sales
30695,Senior Engineer,d005,Development
30938,Staff,d001,Marketing
31147,Senior Staff,d002,Finance
31188,Technique Leader,d004,Production
31207,Senior Engineer,d004,Production
31341,Staff,d002,Finance
31514,Senior Engineer,d005,Development
31568,Staff,d001,Marketing
31909,Engineer,d004,Production
32347,Staff,d001,Marketing
32552,Engineer,d005,Development
32649,Senior Staff,d008,Research
32714,Staff,d001,Marketing
32844,Engineer,d005,Development
33025,Senior Staff,d009,Customer Service
33215,Technique Leader,d004,Production
33722,Senior Engineer,d005,Development
34077,Staff,d007,Sales
34261,Staff,d003,Human Resources
34446,Senior Engineer,d005,Development
34452,Senior Engineer,d004,Production
34505,Staff,d007,Sales
34533,Senior Engineer,d004,Production
34780,Staff,d001,Marketing
34788,Senior Engineer,d004,Production
34936,Technique Leader,d004,Production
35044,Senior Engineer,d004,Production
35087,Staff,d009,Customer Service
35441,Senior Engineer,d005,Development
35642,Senior Engineer,d004,Production
35793,Staff,d009,Customer Service
35798,Senior Engineer,d005,Development
36521,Staff,d002,Finance
36626,Senior Staff,d007,Sales
36733,Staff,d009,Customer Service
36844,Staff,d009,Customer Service
36982,Senior Engineer,d006,Quality Management
37070,Staff,d009,Customer Service
37945,Senior Engineer,d005,Development
38043,Senior Engineer,d005,Development
38103,Senior Engineer,d004,Production
38168,Staff,d007,Sales
38550,Senior Engineer,d006,Quality Management
38593,Senior Engineer,d004,Production
38947,Staff,d001,Marketing
39000,Staff,d008,Research
39036,Staff,d003,Human Resources
39301,Staff,d008,Research
39341,Senior Engineer,d004,Production
39952,Staff,d007,Sales
40269,Staff,d007,Sales
40283,Senior Engineer,d005,Development
40301,Senior Engineer,d004,Production
40536,Senior Engineer,d005,Development
40765,Staff,d008,Research
40773,Staff,d009,Customer Service
40983,Technique Leader,d005,Development
41114,Technique Leader,d004,Production
41137,Staff,d007,Sales
41357,Engineer,d005,Development
41518,Senior Engineer,d004,Production
41520,Senior Engineer,d005,Development
41609,Senior Staff,d007,Sales
42778,Staff,d003,Human Resources
42911,Senior Engineer,d004,Production
42950,Senior Staff,d008,Research
42955,Engineer,d006,Quality Management
43154,Staff,d002,Finance
43733,Staff,d003,Human Resources
43848,Engineer,d004,Production
44054,Engineer,d005,Development
44265,Engineer,d005,Development
44540,Senior Engineer,d005,Development
44900,Staff,d001,Marketing
44959,Senior Engineer,d004,Production
44962,Assistant Engineer,d005,Development
45162,Senior Engineer,d005,Development
46000,Staff,d009,Customer Service
46328,Senior Staff,d007,Sales
46811,Senior Engineer,d004,Production
46834,Senior Staff,d007,Sales
46943,Senior Engineer,d005,Development
47016,Staff,d009,Customer Service
47139,Engineer,d005,Development
47262,Senior Engineer,d005,Development
47515,Senior Engineer,d005,Development
47702,Staff,d007,Sales
47708,Senior Staff,d001,Marketing
48275,Staff,d007,Sales
48690,Staff,d003,Human Resources
48882,Senior Engineer,d004,Production
48904,Staff,d002,Finance
48947,Senior Staff,d007,Sales
49010,Staff,d001,Marketing
49017,Senior Engineer,d005,Development
49119,Senior Engineer,d004,Production
49177,Engineer,d004,Production
49464,Staff,d007,Sales
49477,Senior Staff,d003,Human Resources
50293,Engineer,d004,Production
50311,Senior Engineer,d006,Quality Management
50453,Staff,d002,Finance
50670,Staff,d001,Marketing
50831,Senior Engineer,d004,Production
51036,Staff,d007,Sales
51057,Staff,d001,Marketing
51060,Senior Engineer,d005,Development
51142,Senior Engineer,d005,Development
52038,Senior Engineer,d004,Production
52040,Staff,d005,Development
52283,Staff,d008,Research
52386,Staff,d007,Sales
52590,Staff,d005,Development
52599,Senior Engineer,d004,Production
52639,Senior Staff,d007,Sales
52770,Staff,d007,Sales
52778,Technique Leader,d006,Quality Management
52956,Senior Engineer,d004,Production
52970,Senior Engineer,d004,Production
53278,Staff,d007,Sales
53314,Staff,d008,Research
53431,Senior Staff,d001,Marketing
53499,Senior Engineer,d004,Production
53597,Senior Engineer,d005,Development
53874,Staff,d001,Marketing
53924,Senior Engineer,d004,Production
54198,Senior Engineer,d005,Development
54632,Staff,d002,Finance
54795,Staff,d004,Production
54800,Staff,d007,Sales
55640,Senior Engineer,d004,Production
55687,Senior Engineer,d005,Development
55799,Senior Engineer,d004,Production
55857,Staff,d007,Sales
56105,Senior Engineer,d005,Development
56209,Senior Engineer,d004,Production
56415,Staff,d002,Finance
56428,Staff,d007,Sales
56682,Assistant Engineer,d005,Development
56829,Engineer,d004,Production
56847,Senior Engineer,d004,Production
57934,Senior Engineer,d005,Development
58141,Staff,d002,Finance
58147,Senior Staff,d001,Marketing
58384,Senior Engineer,d005,Development
58454,Engineer,d004,Production
58497,Senior Staff,d001,Marketing
58819,Senior Staff,d007,Sales
58990,Engineer,d005,Development
59195,Technique Leader,d005,Development
59640,Staff,d002,Finance
59869,Staff,d001,Marketing
59966,Technique Leader,d004,Production
60000,Engineer,d005,Development
60091,Staff,d009,Customer Service
60238,Staff,d001,Marketing
60559,Senior Engineer,d004,Production
60821,Staff,d003,Human Resources
60845,Engineer,d004,Production
60875,Senior Engineer,d006,Quality Management
60959,Staff,d001,Marketing
61147,Staff,d001,Marketing
61253,Senior Engineer,d005,Development
61377,Staff,d004,Production
61541,Senior Engineer,d005,Development
61873,Engineer,d006,Quality Management
62033,Senior Engineer,d004,Production
62046,Senior Engineer,d004,Production
62245,Engineer,d005,Development
63294,Senior Engineer,d004,Production
63419,Senior Engineer,d004,Production
63441,Staff,d003,Human Resources
63566,Senior Staff,d007,Sales
63631,Senior Engineer,d004,Production
63706,Engineer,d005,Development
64023,Senior Engineer,d005,Development
64209,Senior Staff,d009,Customer Service
64487,Senior Engineer,d006,Quality Management
64532,Senior Engineer,d004,Production
64632,Senior Staff,d007,Sales
64790,Senior Engineer,d005,Development
64828,Staff,d007,Sales
64984,Senior Engineer,d004,Production
65171,Technique Leader,d004,Production
65539,Senior Engineer,d005,Development
65883,Staff,d007,Sales
65998,Staff,d007,Sales
66382,Engineer,d004,Production
66530,Staff,d008,Research
66643,Engineer,d004,Production
66702,Senior Engineer,d005,Development
66757,Staff,d001,Marketing
66807,Senior Engineer,d005,Development
67320,Senior Staff,d001,Marketing
67548,Staff,d003,Human Resources
67934,Senior Engineer,d004,Production
68416,Senior Engineer,d004,Production
68608,Senior Engineer,d004,Production
68633,Senior Engineer,d004,Production
68648,Technique Leader,d005,Development
69052,Senior Staff,d007,Sales
69219,Senior Staff,d001,Marketing
69867,Staff,d007,Sales
69878,Engineer,d005,Development
69936,Assistant Engineer,d004,Production
70469,Staff,d001,Marketing
70990,Senior Engineer,d004,Production
71066,Staff,d007,Sales
71141,Staff,d003,Human Resources
71188,Staff,d007,Sales
71243,Senior Engineer,d004,Production
71334,Senior Engineer,d005,Development
71685,Senior Engineer,d004,Production
71710,Assistant Engineer,d005,Development
71745,Engineer,d005,Development
72190,Engineer,d005,Development
72194,Senior Engineer,d004,Production
72232,Senior Engineer,d006,Quality Management
72640,Senior Engineer,d006,Quality Management
72918,Staff,d007,Sales
73076,Senior Engineer,d005,Development
73233,Senior Engineer,d004,Production
73516,Senior Engineer,d004,Production
73743,Engineer,d004,Production
74200,Senior Engineer,d004,Production
74344,Engineer,d005,Development
74668,Senior Staff,d007,Sales
74800,Senior Engineer,d004,Production
75354,Senior Engineer,d005,Development
75703,Senior Engineer,d005,Development
76189,Senior Engineer,d004,Production
76201,Senior Engineer,d005,Development
76640,Senior Engineer,d006,Quality Management
77030,Technique Leader,d005,Development
77303,Staff,d009,Customer Service
77647,Technique Leader,d004,Production
77815,Engineer,d005,Development
78106,Senior Staff,d001,Marketing
78363,Engineer,d006,Quality Management
78469,Staff,d003,Human Resources
78871,Senior Engineer,d005,Development
79043,Technique Leader,d004,Production
79171,Senior Engineer,d004,Production
79310,Senior Staff,d001,Marketing
79606,Senior Engineer,d005,Development
79763,Staff,d001,Marketing
79895,Senior Staff,d007,Sales
80067,Staff,d009,Customer Service
80203,Staff,d007,Sales
80432,Staff,d008,Research
80731,Staff,d007,Sales
80850,Senior Engineer,d004,Production
80889,Senior Engineer,d005,Development
80948,Senior Engineer,d005,Development
81105,Senior Engineer,d005,Development
81545,Technique Leader,d005,Development
81644,Staff,d007,Sales
81995,Senior Engineer,d005,Development
82069,Senior Engineer,d004,Production
82098,Senior Engineer,d004,Production
82351,Senior Staff,d003,Human Resources
82511,Engineer,d005,Development
82919,Engineer,d005,Development
82928,Senior Engineer,d005,Development
83280,Senior Engineer,d004,Production
83289,Senior Engineer,d005,Development
83509,Senior Engineer,d005,Development
83544,Staff,d007,Sales
83714,Senior Engineer,d004,Production
83805,Senior Engineer,d005,Development
83941,Staff,d008,Research
84029,Staff,d009,Customer Service
84179,Senior Engineer,d004,Production
84236,Staff,d007,Sales
84315,Assistant Engineer,d005,Development
84451,Senior Engineer,d005,Development
84508,Engineer,d005,Development
84840,Staff,d008,Research
84922,Engineer,d005,Development
84942,Technique Leader,d006,Quality Management
85216,Senior Staff,d002,Finance
85288,Senior Engineer,d004,Production
85414,Staff,d002,Finance
85445,Staff,d007,Sales
85702,Engineer,d006,Quality Management
85874,Senior Staff,d009,Customer Service
86213,Staff,d001,Marketing
86354,Senior Engineer,d005,Development
86422,Staff,d001,Marketing
86546,Senior Engineer,d004,Production
86655,Engineer,d004,Production
86672,Staff,d008,Research
87129,Staff,d007,Sales
87353,Senior Engineer,d005,Development
87714,Engineer,d004,Production
87729,Staff,d008,Research
87783,Senior Engineer,d005,Development
88103,Senior Staff,d007,Sales
88411,Engineer,d005,Development
88422,Technique Leader,d004,Production
88647,Engineer,d005,Development
88958,Staff,d002,Finance
88965,Engineer,d005,Development
89048,Senior Engineer,d005,Development
89090,Staff,d003,Human Resources
89161,Staff,d002,Finance
89207,Staff,d003,Human Resources
89346,Engineer,d005,Development
89590,Staff,d008,Research
89664,Staff,d001,Marketing
89680,Senior Engineer,d004,Production
89806,Senior Engineer,d004,Production
89922,Senior Engineer,d004,Production
89941,Senior Staff,d001,Marketing
90077,Engineer,d005,Development
90084,Senior Engineer,d004,Production
90211,Engineer,d004,Production
90292,Senior Engineer,d004,Production
90518,Staff,d009,Customer Service
90614,Engineer,d004,Production
90692,Staff,d001,Marketing
91172,Staff,d009,Customer Service
91182,Senior Engineer,d005,Development
91229,Senior Engineer,d004,Production
91256,Staff,d001,Marketing
91333,Staff,d007,Sales
91415,Staff,d007,Sales
91648,Staff,d001,Marketing
92438,Senior Engineer,d004,Production
92454,Senior Engineer,d006,Quality Management
92577,Assistant Engineer,d004,Production
92598,Assistant Engineer,d004,Production
92685,Senior Staff,d007,Sales
92841,Senior Staff,d007,Sales
92846,Staff,d001,Marketing
92920,Senior Engineer,d005,Development
93040,Senior Engineer,d005,Development
93220,Senior Engineer,d006,Quality Management
93278,Senior Engineer,d004,Production
93549,Staff,d002,Finance
93600,Technique Leader,d004,Production
94331,Technique Leader,d004,Production
94416,Senior Staff,d002,Finance
94761,Senior Engineer,d005,Development
94944,Senior Engineer,d005,Development
95181,Staff,d008,Research
95286,Senior Engineer,d005,Development
95314,Staff,d007,Sales
95406,Engineer,d005,Development
95416,Engineer,d005,Development
95509,Engineer,d004,Production
95920,Staff,d002,Finance
96571,Senior Engineer,d004,Production
96579,Engineer,d004,Production
96767,Senior Engineer,d004,Production
97018,Senior Engineer,d004,Production
97623,Staff,d003,Human Resources
97661,Staff,d008,Research
98288,Staff,d008,Research
98306,Senior Engineer,d004,Production
98639,Staff,d008,Research
99057,Staff,d009,Customer Service
99373,Staff,d009,Customer Service
99377,Senior Engineer,d005,Development
99590,Staff,d007,Sales
99654,Staff,d008,Research
100865,Senior Engineer,d004,Production
100916,Senior Engineer,d005,Development
101487,Staff,d007,Sales
101647,Staff,d007,Sales
101902,Staff,d007,Sales
102620,Engineer,d004,Production
103196,Staff,d003,Human Resources
103310,Staff,d001,Marketing
103316,Senior Engineer,d005,Development
103342,Engineer,d006,Quality Management
103756,Engineer,d005,Development
104133,Staff,d007,Sales
104845,Staff,d002,Finance
104988,Senior Engineer,d005,Development
105342,Technique Leader,d006,Quality Management
105356,Senior Engineer,d005,Development
105432,Senior Engineer,d005,Development
105520,Senior Staff,d007,Sales
105731,Engineer,d005,Development
106096,Senior Engineer,d004,Production
106242,Staff,d003,Human Resources
106695,Staff,d005,Development
106710,Staff,d001,Marketing
107486,Senior Engineer,d005,Development
107737,Senior Engineer,d005,Development
107792,Staff,d001,Marketing
107828,Staff,d007,Sales
108091,Staff,d009,Customer Service
108198,Staff,d008,Research
108316,Senior Engineer,d004,Production
108988,Staff,d007,Sales
109062,Senior Engineer,d005,Development
109211,Senior Engineer,d005,Development
109252,Technique Leader,d004,Production
109278,Staff,d002,Finance
109552,Engineer,d005,Development
109598,Senior Staff,d002,Finance
109620,Staff,d007,Sales
109703,Engineer,d004,Production
109741,Senior Engineer,d004,Production
109953,Staff,d007,Sales
200267,Staff,d009,Customer Service
200312,Senior Engineer,d004,Production
200363,Senior Engineer,d005,Development
200735,Staff,d001,Marketing
200789,Staff,d001,Marketing
201229,Staff,d003,Human Resources
201708,Staff,d003,Human Resources
201709,Staff,d002,Finance
201739,Assistant Engineer,d005,Development
201801,Senior Engineer,d005,Development
201915,Senior Engineer,d004,Production
202291,Engineer,d004,Production
202403,Engineer,d004,Production
202414,Senior Staff,d009,Customer Service
202552,Senior Engineer,d004,Production
202826,Senior Engineer,d005,Development
202882,Senior Engineer,d005,Development
202950,Senior Staff,d003,Human Resources
203474,Staff,d007,Sales
203495,Technique Leader,d005,Development
203599,Technique Leader,d005,Development
203720,Senior Staff,d007,Sales
203946,Staff,d003,Human Resources
204117,Staff,d007,Sales
204133,Senior Staff,d002,Finance
204246,Staff,d008,Research
204425,Senior Engineer,d005,Development
204470,Staff,d007,Sales
204471,Senior Engineer,d005,Development
204764,Senior Engineer,d005,Development
205018,Engineer,d006,Quality Management
205085,Technique Leader,d005,Development
205174,Staff,d001,Marketing
205500,Senior Engineer,d005,Development
205627,Senior Engineer,d004,Production
205660,Staff,d001,Marketing
205699,Staff,d007,Sales
205789,Senior Staff,d002,Finance
205863,Senior Engineer,d006,Quality Management
206748,Staff,d007,Sales
206836,Staff,d008,Research
206966,Senior Engineer,d005,Development
207021,Engineer,d004,Production
207068,Senior Staff,d001,Marketing
207204,Engineer,d005,Development
207401,Staff,d008,Research
207551,Assistant Engineer,d005,Development
207779,Senior Staff,d008,Research
207980,Staff,d003,Human Resources
208147,Senior Engineer,d005,Development
208330,Staff,d007,Sales
208639,Staff,d007,Sales
208653,Senior Engineer,d005,Development
208784,Senior Engineer,d004,Production
209101,Senior Engineer,d006,Quality Management
209443,Senior Staff,d003,Human Resources
209565,Staff,d001,Marketing
209712,Engineer,d005,Development
210017,Staff,d003,Human Resources
210292,Staff,d003,Human Resources
210449,Engineer,d004,Production
210752,Staff,d001,Marketing
210786,Staff,d003,Human Resources
211858,Senior Engineer,d004,Production
211879,Senior Engineer,d005,Development
211967,Senior Engineer,d005,Development
212093,Staff,d003,Human Resources
212154,Staff,d009,Customer Service
212361,Senior Engineer,d006,Quality Management
213016,Senior Engineer,d005,Development
213140,Staff,d007,Sales
213384,Senior Engineer,d005,Development
213447,Senior Engineer,d004,Production
214215,Senior Staff,d007,Sales
214391,Staff,d009,Customer Service
214427,Engineer,d004,Production
214539,Engineer,d005,Development
214634,Senior Engineer,d005,Development
214789,Senior Engineer,d004,Production
214866,Senior Engineer,d005,Development
214995,Engineer,d004,Production
215419,Staff,d003,Human Resources
215629,Staff,d009,Customer Service
215746,Staff,d002,Finance
215843,Staff,d001,Marketing
216054,Staff,d008,Research
216342,Senior Engineer,d005,Development
216375,Senior Engineer,d005,Development
216502,Engineer,d005,Development
216573,Senior Engineer,d004,Production
216921,Staff,d007,Sales
217026,Staff,d007,Sales
217080,Senior Engineer,d005,Development
217272,Staff,d007,Sales
217286,Technique Leader,d005,Development
217320,Engineer,d006,Quality Management
217363,Staff,d009,Customer Service
217387,Senior Engineer,d005,Development
217551,Senior Engineer,d004,Production
217800,Senior Staff,d002,Finance
218022,Technique Leader,d005,Development
218100,Staff,d003,Human Resources
218831,Engineer,d004,Production
219035,Technique Leader,d006,Quality Management
219047,Senior Engineer,d005,Development
219052,Staff,d001,Marketing
219417,Staff,d008,Research
219497,Technique Leader,d005,Development
219967,Senior Staff,d003,Human Resources
220029,Senior Engineer,d005,Development
220131,Senior Engineer,d005,Development
220418,Staff,d007,Sales
220528,Senior Staff,d008,Research
220582,Staff,d001,Marketing
220611,Staff,d007,Sales
220625,Technique Leader,d004,Production
220699,Staff,d009,Customer Service
220799,Senior Engineer,d005,Development
221126,Senior Engineer,d005,Development
221367,Senior Staff,d009,Customer Service
221369,Engineer,d006,Quality Management
221435,Senior Engineer,d004,Production
221973,Staff,d001,Marketing
222206,Staff,d003,Human Resources
222311,Senior Engineer,d005,Development
222319,Senior Engineer,d005,Development
222354,Engineer,d005,Development
222616,Assistant Engineer,d006,Quality Management
222770,Senior Engineer,d005,Development
222878,Senior Engineer,d004,Production
222926,Senior Engineer,d005,Development
222952,Senior Engineer,d004,Production
222998,Staff,d001,Marketing
223593,Staff,d001,Marketing
223595,Technique Leader,d004,Production
224135,Engineer,d005,Development
224335,Senior Engineer,d005,Development
224390,Senior Staff,d008,Research
224934,Staff,d003,Human Resources
225438,Staff,d007,Sales
225601,Engineer,d005,Development
225788,Engineer,d005,Development
225867,Senior Engineer,d006,Quality Management
225964,Senior Engineer,d004,Production
226216,Technique Leader,d006,Quality Management
226227,Senior Engineer,d004,Production
227354,Senior Engineer,d005,Development
227476,Senior Engineer,d005,Development
227681,Staff,d002,Finance
227899,Staff,d001,Marketing
227901,Staff,d008,Research
228098,Engineer,d004,Production
228248,Staff,d008,Research
228554,Senior Staff,d007,Sales
228766,Senior Engineer,d004,Production
229098,Senior Staff,d009,Customer Service
229220,Senior Engineer,d004,Production
229248,Staff,d008,Research
229386,Technique Leader,d004,Production
229391,Senior Engineer,d004,Production
229404,Staff,d003,Human Resources
229547,Staff,d007,Sales
229727,Engineer,d005,Development
229981,Senior Engineer,d004,Production
230002,Senior Engineer,d005,Development
230126,Staff,d009,Customer Service
230287,Assistant Engineer,d004,Production
230354,Staff,d003,Human Resources
230498,Senior Engineer,d004,Production
230579,Staff,d002,Finance
230689,Senior Staff,d007,Sales
230865,Staff,d001,Marketing
231069,Staff,d007,Sales
231459,Assistant Engineer,d004,Production
231671,Staff,d009,Customer Service
231798,Senior Engineer,d005,Development
232178,Staff,d003,Human Resources
232209,Senior Engineer,d006,Quality Management
232697,Senior Engineer,d004,Production
232723,Engineer,d006,Quality Management
233114,Senior Engineer,d005,Development
233394,Engineer,d005,Development
233397,Staff,d007,Sales
233426,Senior Engineer,d005,Development
233690,Engineer,d005,Development
233759,Engineer,d004,Production
233765,Senior Engineer,d005,Development
233785,Staff,d007,Sales
233818,Senior Engineer,d005,Development
234195,Staff,d007,Sales
234739,Senior Engineer,d004,Production
235017,Staff,d007,Sales
235096,Staff,d007,Sales
235325,Senior Engineer,d005,Development
235368,Senior Engineer,d004,Production
235458,Staff,d008,Research
235729,Staff,d001,Marketing
235780,Senior Engineer,d004,Production
235793,Senior Engineer,d004,Production
236315,Technique Leader,d005,Development
236566,Staff,d009,Customer Service
236591,Staff,d001,Marketing
236827,Senior Engineer,d005,Development
236883,Staff,d007,Sales
236964,Staff,d007,Sales
238112,Technique Leader,d004,Production
238252,Staff,d007,Sales
238422,Staff,d007,Sales
238949,Senior Staff,d007,Sales
239067,Staff,d007,Sales
239244,Staff,d007,Sales
239415,Senior Engineer,d004,Production
239426,Engineer,d005,Development
239664,Senior Engineer,d004,Production
239706,Assistant Engineer,d004,Production
239748,Staff,d007,Sales
239803,Staff,d008,Research
240132,Staff,d009,Customer Service
240236,Senior Engineer,d004,Production
240285,Staff,d009,Customer Service
240340,Senior Engineer,d004,Production
240438,Staff,d009,Customer Service
240870,Staff,d004,Production
241100,Senior Engineer,d005,Development
241254,Senior Engineer,d005,Development
241292,Staff,d001,Marketing
241567,Senior Engineer,d005,Development
241667,Senior Engineer,d004,Production
241728,Senior Engineer,d004,Production
241872,Staff,d005,Development
242019,Senior Engineer,d004,Production
242081,Engineer,d004,Production
242104,Staff,d001,Marketing
242500,Staff,d007,Sales
242800,Engineer,d005,Development
243018,Senior Staff,d001,Marketing
243077,Senior Engineer,d004,Production
243576,Staff,d007,Sales
243637,Staff,d001,Marketing
243898,Staff,d001,Marketing
244308,Staff,d001,Marketing
244605,Staff,d002,Finance
244624,Staff,d008,Research
244711,Engineer,d004,Production
244714,Senior Engineer,d004,Production
244820,Senior Engineer,d005,Development
244873,Staff,d007,Sales
245164,Senior Engineer,d004,Production
245396,Staff,d003,Human Resources
245664,Staff,d007,Sales
246146,Senior Engineer,d006,Quality Management
246244,Staff,d003,Human Resources
246364,Engineer,d005,Development
246764,Staff,d007,Sales
246798,Staff,d001,Marketing
246902,Staff,d003,Human Resources
247089,Staff,d007,Sales
247122,Staff,d003,Human Resources
247447,Senior Engineer,d004,Production
247456,Engineer,d004,Production
247612,Engineer,d005,Development
247875,Senior Staff,d001,Marketing
247888,Senior Engineer,d006,Quality Management
248256,Staff,d007,Sales
248351,Senior Staff,d001,Marketing
248758,Staff,d007,Sales
248953,Assistant Engineer,d004,Production
249239,Senior Engineer,d005,Development
249325,Staff,d007,Sales
249433,Senior Engineer,d004,Production
249504,Senior Engineer,d005,Development
249780,Senior Engineer,d004,Production
249799,Senior Engineer,d005,Development
249866,Staff,d007,Sales
249969,Senior Engineer,d004,Production
250411,Staff,d007,Sales
250452,Senior Engineer,d005,Development
250748,Senior Engineer,d005,Development
251166,Staff,d002,Finance
251233,Senior Engineer,d004,Production
251301,Senior Staff,d007,Sales
251341,Staff,d003,Human Resources
251403,Technique Leader,d005,Development
251437,Engineer,d005,Development
251645,Staff,d007,Sales
251680,Senior Engineer,d005,Development
251814,Technique Leader,d004,Production
252185,Engineer,d006,Quality Management
252316,Senior Engineer,d005,Development
252392,Senior Engineer,d004,Production
253029,Engineer,d006,Quality Management
253707,Staff,d007,Sales
253838,Assistant Engineer,d004,Production
253893,Senior Engineer,d004,Production
254044,Senior Engineer,d006,Quality Management
254399,Technique Leader,d004,Production
254821,Staff,d007,Sales
255466,Senior Engineer,d004,Production
255657,Senior Engineer,d005,Development
255779,Technique Leader,d004,Production
256216,Engineer,d004,Production
256856,Staff,d003,Human Resources
256881,Senior Engineer,d005,Development
256888,Staff,d001,Marketing
257062,Senior Engineer,d005,Development
257378,Staff,d001,Marketing
257469,Staff,d002,Finance
257484,Staff,d003,Human Resources
258028,Engineer,d005,Development
258124,Senior Staff,d007,Sales
258470,Staff,d007,Sales
258643,Senior Engineer,d005,Development
259042,Staff,d007,Sales
259237,Staff,d009,Customer Service
259273,Senior Engineer,d004,Production
259611,Senior Staff,d007,Sales
259619,Senior Staff,d002,Finance
259718,Staff,d005,Development
260153,Technique Leader,d005,Development
260249,Staff,d009,Customer Service
260361,Engineer,d004,Production
260399,Staff,d002,Finance
260408,Staff,d009,Customer Service
260501,Technique Leader,d005,Development
261184,Senior Engineer,d004,Production
261631,Engineer,d005,Development
261662,Senior Staff,d002,Finance
261737,Senior Engineer,d004,Production
261986,Senior Engineer,d005,Development
261990,Staff,d007,Sales
262208,Senior Staff,d002,Finance
262210,Senior Engineer,d005,Development
262328,Staff,d007,Sales
262439,Staff,d001,Marketing
262636,Senior Engineer,d004,Production
262752,Engineer,d005,Development
262928,Senior Engineer,d004,Production
263012,Staff,d003,Human Resources
263186,Technique Leader,d005,Development
263370,Staff,d007,Sales
263439,Senior Engineer,d005,Development
263645,Senior Engineer,d005,Development
263649,Senior Staff,d007,Sales
263926,Staff,d007,Sales
264030,Engineer,d004,Production
264167,Senior Engineer,d005,Development
264322,Staff,d007,Sales
264626,Staff,d001,Marketing
264939,Senior Engineer,d004,Production
265039,Staff,d002,Finance
265521,Senior Engineer,d004,Production
265558,Staff,d007,Sales
265794,Staff,d007,Sales
265875,Senior Engineer,d004,Production
266206,Staff,d001,Marketing
266249,Senior Staff,d007,Sales
266310,Staff,d008,Research
266644,Staff,d002,Finance
266862,Senior Staff,d008,Research
266881,Staff,d001,Marketing
267059,Staff,d009,Customer Service
267227,Senior Engineer,d004,Production
267304,Senior Staff,d007,Sales
267667,Staff,d007,Sales
268043,Engineer,d005,Development
268191,Senior Engineer,d004,Production
269728,Staff,d001,Marketing
270084,Staff,d001,Marketing
270716,Staff,d007,Sales
270794,Senior Staff,d001,Marketing
271106,Engineer,d004,Production
271219,Engineer,d004,Production
272141,Staff,d005,Development
272285,Staff,d009,Customer Service
272316,Engineer,d004,Production
272452,Engineer,d005,Development
272599,Staff,d001,Marketing
272860,Assistant Engineer,d004,Production
273159,Technique Leader,d005,Development
273286,Senior Engineer,d005,Development
273396,Engineer,d005,Development
273806,Staff,d001,Marketing
273858,Staff,d007,Sales
274071,Staff,d003,Human Resources
274271,Staff,d007,Sales
274369,Senior Staff,d008,Research
274813,Staff,d007,Sales
275158,Engineer,d005,Development
275263,Senior Engineer,d005,Development
275444,Senior Engineer,d005,Development
275495,Staff,d007,Sales
275801,Senior Staff,d007,Sales
275881,Senior Engineer,d004,Production
275994,Senior Engineer,d004,Production
276027,Staff,d008,Research
276184,Senior Staff,d007,Sales
276186,Staff,d003,Human Resources
276189,Staff,d003,Human Resources
276445,Senior Engineer,d004,Production
276472,Senior Engineer,d005,Development
276563,Senior Staff,d009,Customer Service
276868,Staff,d001,Marketing
277316,Staff,d007,Sales
277362,Senior Staff,d009,Customer Service
277420,Senior Engineer,d004,Production
277777,Senior Engineer,d005,Development
277829,Senior Engineer,d005,Development
278239,Staff,d008,Research
278386,Technique Leader,d006,Quality Management
278452,Staff,d003,Human Resources
278536,Staff,d001,Marketing
278549,Staff,d007,Sales
278953,Senior Engineer,d005,Development
279115,Engineer,d005,Development
279280,Senior Engineer,d004,Production
279791,Engineer,d005,Development
280070,Staff,d003,Human Resources
280291,Staff,d009,Customer Service
280420,Staff,d007,Sales
280525,Staff,d007,Sales
280648,Senior Engineer,d004,Production
281570,Assistant Engineer,d005,Development
281692,Senior Engineer,d006,Quality Management
281848,Senior Engineer,d005,Development
281859,Senior Engineer,d004,Production
282191,Engineer,d005,Development
282333,Staff,d008,Research
282343,Staff,d007,Sales
282547,Engineer,d005,Development
282585,Staff,d009,Customer Service
282894,Senior Engineer,d005,Development
284300,Staff,d001,Marketing
284431,Staff,d007,Sales
284561,Senior Engineer,d006,Quality Management
284687,Senior Engineer,d005,Development
284691,Senior Engineer,d005,Development
284711,Senior Engineer,d005,Development
284717,Senior Engineer,d005,Development
284856,Senior Engineer,d006,Quality Management
284954,Engineer,d006,Quality Management
285164,Staff,d007,Sales
285396,Senior Engineer,d005,Development
285905,Senior Staff,d008,Research
285906,Engineer,d005,Development
286026,Staff,d007,Sales
286029,Staff,d009,Customer Service
286370,Staff,d003,Human Resources
286452,Engineer,d005,Development
286573,Senior Engineer,d004,Production
286779,Engineer,d004,Production
286986,Senior Engineer,d005,Development
287323,Staff,d007,Sales
287327,Staff,d003,Human Resources
287334,Engineer,d004,Production
287482,Senior Engineer,d006,Quality Management
287583,Senior Engineer,d004,Production
287609,Senior Engineer,d005,Development
287713,Senior Staff,d002,Finance
287808,Technique Leader,d005,Development
287983,Senior Staff,d001,Marketing
287984,Senior Engineer,d005,Development
288028,Senior Engineer,d005,Development
288142,Staff,d007,Sales
288166,Staff,d003,Human Resources
288560,Staff,d001,Marketing
288563,Senior Engineer,d004,Production
288606,Staff,d007,Sales
288665,Senior Engineer,d005,Development
288893,Senior Engineer,d005,Development
289454,Senior Engineer,d005,Development
289687,Staff,d008,Research
289807,Staff,d009,Customer Service
289909,Staff,d007,Sales
290009,Staff,d003,Human Resources
290075,Staff,d003,Human Resources
290284,Engineer,d005,Development
290441,Staff,d007,Sales
290467,Staff,d008,Research
290478,Engineer,d006,Quality Management
290563,Senior Engineer,d004,Production
290769,Senior Engineer,d005,Development
291352,Technique Leader,d005,Development
291612,Engineer,d005,Development
291669,Engineer,d005,Development
292110,Senior Engineer,d005,Development
292146,Engineer,d005,Development
292210,Senior Engineer,d005,Development
292404,Senior Staff,d008,Research
292504,Senior Engineer,d006,Quality Management
292515,Engineer,d005,Development
292828,Senior Engineer,d004,Production
293080,Senior Staff,d003,Human Resources
293154,Senior Staff,d001,Marketing
293280,Senior Engineer,d005,Development
293329,Senior Engineer,d005,Development
293746,Senior Engineer,d005,Development
293752,Staff,d007,Sales
294144,Staff,d007,Sales
294241,Staff,d002,Finance
294446,Staff,d002,Finance
294461,Senior Engineer,d005,Development
294527,Senior Staff,d001,Marketing
294652,Senior Engineer,d005,Development
294791,Assistant Engineer,d005,Development
294857,Senior Engineer,d005,Development
295030,Senior Staff,d009,Customer Service
295236,Senior Engineer,d005,Development
295254,Staff,d003,Human Resources
295255,Technique Leader,d004,Production
295262,Assistant Engineer,d004,Production
295268,Staff,d003,Human Resources
295278,Senior Engineer,d005,Development
295411,Staff,d007,Sales
295857,Staff,d003,Human Resources
296062,Staff,d008,Research
296303,Technique Leader,d005,Development
296428,Staff,d007,Sales
296664,Senior Engineer,d004,Production
296687,Staff,d008,Research
296718,Senior Engineer,d004,Production
297232,Senior Staff,d007,Sales
297431,Senior Staff,d001,Marketing
297474,Staff,d008,Research
297905,Assistant Engineer,d005,Development
297954,Assistant Engineer,d004,Production
298339,Senior Engineer,d005,Development
298577,Staff,d002,Finance
298953,Staff,d002,Finance
299346,Senior Staff,d003,Human Resources
299580,Engineer,d006,Quality Management
299718,Staff,d008,Research
299737,Staff,d007,Sales
400046,Senior Staff,d005,Development
400358,Senior Engineer,d005,Development
400683,Staff,d007,Sales
400780,Engineer,d005,Development
400796,Engineer,d005,Development
401154,Staff,d003,Human Resources
401278,Engineer,d004,Production
401333,Senior Engineer,d004,Production
401420,Senior Staff,d009,Customer Service
401574,Technique Leader,d004,Production
402025,Senior Engineer,d006,Quality Management
402102,Engineer,d005,Development
402664,Senior Engineer,d004,Production
402718,Senior Engineer,d005,Development
402827,Staff,d002,Finance
403010,Senior Engineer,d005,Development
403621,Staff,d001,Marketing
403644,Staff,d003,Human Resources
403954,Senior Engineer,d005,Development
404018,Senior Engineer,d005,Development
404236,Senior Engineer,d005,Development
404462,Senior Engineer,d005,Development
404573,Staff,d003,Human Resources
404755,Staff,d001,Marketing
404788,Engineer,d005,Development
405015,Staff,d007,Sales
405063,Senior Engineer,d004,Production
406125,Technique Leader,d004,Production
406239,Senior Engineer,d005,Development
406564,Engineer,d005,Development
406714,Staff,d008,Research
406847,Staff,d007,Sales
407522,Staff,d002,Finance
407837,Senior Engineer,d004,Production
408019,Senior Engineer,d004,Production
408114,Engineer,d005,Development
408163,Senior Engineer,d005,Development
408417,Staff,d002,Finance
408437,Staff,d009,Customer Service
408447,Staff,d001,Marketing
408654,Staff,d009,Customer Service
408953,Senior Engineer,d005,Development
409391,Engineer,d004,Production
409798,Technique Leader,d004,Production
409805,Senior Engineer,d006,Quality Management
409898,Senior Engineer,d005,Development
410028,Staff,d003,Human Resources
410372,Senior Engineer,d005,Development
410433,Senior Engineer,d004,Production
410616,Senior Engineer,d005,Development
410804,Senior Engineer,d004,Production
410881,Senior Engineer,d004,Production
411070,Senior Engineer,d005,Development
411082,Senior Engineer,d004,Production
411143,Senior Staff,d001,Marketing
412404,Senior Engineer,d004,Production
412757,Engineer,d005,Development
413098,Staff,d008,Research
413205,Senior Staff,d007,Sales
413666,Staff,d002,Finance
413729,Technique Leader,d005,Development
413831,Staff,d009,Customer Service
413832,Senior Staff,d003,Human Resources
414027,Senior Engineer,d004,Production
414091,Engineer,d005,Development
414543,Senior Engineer,d004,Production
414551,Senior Engineer,d005,Development
414662,Senior Engineer,d005,Development
414714,Senior Staff,d008,Research
414814,Staff,d005,Development
414897,Staff,d007,Sales
415187,Assistant Engineer,d004,Production
415338,Assistant Engineer,d004,Production
415363,Staff,d001,Marketing
415563,Senior Engineer,d005,Development
416074,Senior Engineer,d005,Development
416383,Senior Engineer,d005,Development
416420,Senior Staff,d007,Sales
416492,Senior Engineer,d005,Development
416660,Senior Engineer,d005,Development
416720,Senior Engineer,d004,Production
416877,Staff,d001,Marketing
416892,Engineer,d004,Production
417435,Senior Staff,d007,Sales
418239,Senior Engineer,d004,Production
418247,Staff,d001,Marketing
418298,Senior Engineer,d004,Production
418309,Senior Engineer,d004,Production
418380,Senior Engineer,d004,Production
418566,Senior Engineer,d004,Production
418606,Engineer,d004,Production
418717,Staff,d007,Sales
418860,Staff,d001,Marketing
419099,Staff,d007,Sales
419953,Staff,d001,Marketing
420086,Senior Engineer,d005,Development
420476,Staff,d009,Customer Service
420557,Staff,d007,Sales
420694,Staff,d008,Research
420732,Staff,d001,Marketing
420759,Staff,d007,Sales
420765,Staff,d007,Sales
420877,Staff,d002,Finance
421022,Senior Staff,d007,Sales
421033,Staff,d007,Sales
421074,Staff,d007,Sales
421312,Engineer,d005,Development
421384,Staff,d003,Human Resources
421755,Senior Engineer,d004,Production
422146,Engineer,d005,Development
422783,Engineer,d004,Production
423038,Senior Staff,d007,Sales
423204,Staff,d007,Sales
423208,Engineer,d005,Development
423214,Staff,d002,Finance
423327,Staff,d007,Sales
423350,Staff,d007,Sales
423633,Senior Engineer,d005,Development
423993,Technique Leader,d005,Development
424569,Engineer,d005,Development
424584,Senior Engineer,d005,Development
424685,Senior Staff,d002,Finance
424797,Staff,d007,Sales
424805,Staff,d007,Sales
424930,Staff,d003,Human Resources
424984,Engineer,d005,Development
425437,Engineer,d005,Development
425535,Staff,d001,Marketing
425540,Senior Staff,d002,Finance
425757,Senior Staff,d004,Production
425780,Staff,d007,Sales
425830,Engineer,d005,Development
425875,Staff,d007,Sales
426153,Senior Staff,d007,Sales
426168,Staff,d002,Finance
426228,Engineer,d005,Development
426235,Staff,d003,Human Resources
426644,Senior Engineer,d004,Production
426706,Senior Engineer,d004,Production
426795,Staff,d009,Customer Service
426818,Staff,d009,Customer Service
426819,Engineer,d004,Production
426824,Staff,d007,Sales
426958,Senior Engineer,d004,Production
427313,Staff,d008,Research
427320,Senior Engineer,d005,Development
427332,Staff,d009,Customer Service
427571,Senior Engineer,d005,Development
427776,Staff,d002,Finance
427805,Senior Staff,d002,Finance
427823,Staff,d009,Customer Service
427852,Senior Engineer,d004,Production
428082,Staff,d003,Human Resources
428160,Staff,d001,Marketing
428195,Staff,d002,Finance
428219,Staff,d007,Sales
428917,Senior Engineer,d005,Development
429087,Technique Leader,d006,Quality Management
429231,Staff,d007,Sales
429238,Senior Staff,d007,Sales
429249,Senior Engineer,d005,Development
429316,Staff,d002,Finance
429381,Staff,d007,Sales
429481,Engineer,d005,Development
429520,Engineer,d006,Quality Management
429532,Staff,d007,Sales
429569,Engineer,d005,Development
429703,Staff,d003,Human Resources
429899,Staff,d001,Marketing
429954,Staff,d007,Sales
430054,Senior Engineer,d005,Development
430558,Senior Engineer,d006,Quality Management
430593,Senior Staff,d009,Customer Service
430631,Engineer,d005,Development
430891,Senior Engineer,d004,Production
431576,Staff,d002,Finance
431657,Senior Engineer,d005,Development
431882,Engineer,d005,Development
431887,Senior Engineer,d005,Development
432031,Staff,d007,Sales
432034,Senior Staff,d001,Marketing
432121,Staff,d009,Customer Service
432257,Engineer,d004,Production
432261,Senior Engineer,d005,Development
432399,Senior Engineer,d004,Production
432523,Engineer,d005,Development
432665,Senior Engineer,d005,Development
432787,Senior Engineer,d005,Development
432956,Staff,d001,Marketing
433059,Staff,d007,Sales
433157,Staff,d007,Sales
433260,Engineer,d006,Quality Management
433438,Staff,d008,Research
434845,Staff,d007,Sales
434936,Senior Engineer,d005,Development
435042,Staff,d007,Sales
435060,Staff,d007,Sales
435181,Staff,d001,Marketing
435289,Staff,d001,Marketing
435305,Staff,d007,Sales
435370,Senior Staff,d007,Sales
435588,Staff,d003,Human Resources
435602,Staff,d007,Sales
435774,Staff,d007,Sales
435791,Senior Engineer,d006,Quality Management
436558,Senior Engineer,d005,Development
436797,Staff,d002,Finance
436827,Senior Staff,d003,Human Resources
436915,Staff,d008,Research
437276,Staff,d002,Finance
437369,Senior Staff,d007,Sales
437395,Staff,d001,Marketing
437724,Staff,d003,Human Resources
437870,Staff,d005,Development
438038,Senior Staff,d001,Marketing
438264,Staff,d009,Customer Service
438557,Engineer,d005,Development
439377,Senior Engineer,d005,Development
439905,Staff,d009,Customer Service
439924,Staff,d002,Finance
440325,Senior Staff,d007,Sales
440435,Senior Engineer,d005,Development
440450,Staff,d003,Human Resources
440642,Staff,d007,Sales
440870,Staff,d001,Marketing
440937,Staff,d008,Research
441197,Staff,d007,Sales
441536,Senior Engineer,d004,Production
441954,Engineer,d004,Production
441965,Staff,d008,Research
442002,Staff,d007,Sales
442096,Senior Engineer,d004,Production
442312,Senior Engineer,d004,Production
442490,Engineer,d004,Production
442653,Engineer,d005,Development
442700,Staff,d008,Research
442898,Engineer,d004,Production
443108,Senior Staff,d002,Finance
443485,Senior Staff,d008,Research
443841,Staff,d007,Sales
443873,Staff,d001,Marketing
444070,Staff,d009,Customer Service
444099,Staff,d007,Sales
444208,Senior Staff,d007,Sales
444465,Senior Engineer,d004,Production
444487,Senior Engineer,d005,Development
444643,Staff,d008,Research
445067,Senior Engineer,d006,Quality Management
445152,Staff,d008,Research
445226,Senior Engineer,d004,Production
445570,Technique Leader,d005,Development
445723,Staff,d004,Production
445941,Technique Leader,d004,Production
445950,Senior Engineer,d006,Quality Management
446121,Staff,d007,Sales
446306,Senior Engineer,d004,Production
446424,Senior Engineer,d005,Development
446897,Technique Leader,d004,Production
446959,Senior Engineer,d005,Development
447018,Senior Engineer,d004,Production
447135,Senior Staff,d003,Human Resources
447232,Staff,d007,Sales
447376,Staff,d008,Research
447544,Senior Staff,d007,Sales
447613,Senior Engineer,d005,Development
447877,Senior Engineer,d006,Quality Management
447931,Staff,d007,Sales
447966,Senior Engineer,d004,Production
447982,Senior Engineer,d004,Production
447999,Senior Engineer,d005,Development
448769,Technique Leader,d004,Production
448900,Staff,d007,Sales
448918,Senior Engineer,d004,Production
448994,Staff,d002,Finance
449189,Senior Staff,d007,Sales
449815,Staff,d008,Research
449984,Senior Engineer,d005,Development
450184,Senior Engineer,d005,Development
450255,Technique Leader,d005,Development
450309,Technique Leader,d006,Quality Management
450475,Senior Staff,d002,Finance
450817,Senior Engineer,d006,Quality Management
450888,Staff,d007,Sales
450934,Senior Engineer,d004,Production
450936,Staff,d002,Finance
451253,Staff,d007,Sales
451272,Senior Engineer,d005,Development
451275,Senior Staff,d008,Research
451333,Senior Staff,d003,Human Resources
452137,Senior Engineer,d004,Production
452206,Staff,d007,Sales
452325,Senior Engineer,d005,Development
452347,Staff,d007,Sales
452365,Engineer,d005,Development
452956,Senior Engineer,d004,Production
452957,Staff,d007,Sales
452982,Senior Staff,d001,Marketing
453070,Staff,d003,Human Resources
453154,Staff,d009,Customer Service
453644,Staff,d001,Marketing
453688,Engineer,d006,Quality Management
453723,Senior Engineer,d004,Production
453760,Staff,d009,Customer Service
453790,Senior Engineer,d005,Development
453913,Staff,d001,Marketing
454338,Engineer,d006,Quality Management
454378,Technique Leader,d004,Production
454736,Engineer,d005,Development
454791,Senior Engineer,d004,Production
454825,Senior Engineer,d004,Production
454994,Senior Engineer,d004,Production
455175,Staff,d001,Marketing
455284,Senior Engineer,d006,Quality Management
455726,Staff,d007,Sales
455814,Senior Engineer,d004,Production
455914,Senior Engineer,d005,Development
456767,Staff,d007,Sales
456982,Senior Engineer,d005,Development
457070,Staff,d003,Human Resources
457146,Staff,d008,Research
457305,Staff,d007,Sales
457337,Technique Leader,d006,Quality Management
457411,Senior Engineer,d005,Development
457489,Senior Engineer,d004,Production
457611,Engineer,d005,Development
457776,Senior Engineer,d004,Production
457813,Senior Engineer,d004,Production
457832,Senior Engineer,d005,Development
457938,Staff,d001,Marketing
458111,Engineer,d004,Production
458134,Staff,d003,Human Resources
458191,Staff,d008,Research
458383,Engineer,d005,Development
458726,Staff,d009,Customer Service
458790,Senior Engineer,d004,Production
459172,Engineer,d005,Development
459356,Engineer,d005,Development
459429,Staff,d007,Sales
459685,Engineer,d006,Quality Management
460131,Staff,d007,Sales
460691,Senior Staff,d003,Human Resources
460707,Senior Engineer,d005,Development
460920,Senior Staff,d007,Sales
461120,Senior Engineer,d005,Development
461270,Staff,d007,Sales
461801,Staff,d007,Sales
462493,Senior Engineer,d006,Quality Management
462795,Staff,d008,Research
463023,Staff,d001,Marketing
463099,Staff,d002,Finance
463212,Senior Engineer,d004,Production
463472,Technique Leader,d004,Production
463495,Staff,d003,Human Resources
464284,Senior Staff,d007,Sales
464303,Staff,d009,Customer Service
465062,Senior Engineer,d004,Production
465076,Senior Engineer,d004,Production
465085,Senior Staff,d009,Customer Service
465409,Staff,d001,Marketing
465501,Staff,d003,Human Resources
465711,Senior Engineer,d005,Development
465853,Staff,d003,Human Resources
465874,Engineer,d004,Production
466064,Senior Staff,d007,Sales
466367,Staff,d009,Customer Service
466509,Senior Engineer,d005,Development
466603,Staff,d001,Marketing
466745,Staff,d003,Human Resources
467176,Staff,d003,Human Resources
467269,Technique Leader,d005,Development
467392,Senior Engineer,d004,Production
467441,Senior Engineer,d004,Production
467591,Staff,d001,Marketing
467886,Senior Staff,d001,Marketing
467918,Staff,d009,Customer Service
468360,Technique Leader,d005,Development
468417,Senior Engineer,d004,Production
468659,Senior Engineer,d005,Development
468773,Senior Engineer,d006,Quality Management
469104,Senior Engineer,d004,Production
469253,Senior Engineer,d005,Development
469269,Senior Engineer,d004,Production
469366,Senior Engineer,d006,Quality Management
469399,Engineer,d004,Production
469527,Staff,d008,Research
469529,Senior Engineer,d006,Quality Management
469735,Senior Engineer,d005,Development
469867,Staff,d008,Research
470456,Staff,d007,Sales
470472,Senior Engineer,d005,Development
471397,Engineer,d005,Development
471532,Technique Leader,d005,Development
471552,Staff,d002,Finance
471911,Engineer,d006,Quality Management
471939,Staff,d004,Production
472052,Assistant Engineer,d005,Development
472143,Senior Staff,d007,Sales
472238,Senior Engineer,d004,Production
472790,Senior Engineer,d005,Development
472950,Senior Engineer,d004,Production
473268,Senior Staff,d007,Sales
473299,Staff,d007,Sales
473490,Staff,d008,Research
473940,Engineer,d004,Production
474331,Senior Staff,d002,Finance
474763,Engineer,d005,Development
474796,Technique Leader,d004,Production
475087,Senior Engineer,d004,Production
475258,Staff,d004,Production
475538,Staff,d003,Human Resources
475938,Senior Engineer,d005,Development
475965,Senior Engineer,d005,Development
476055,Staff,d008,Research
476122,Engineer,d004,Production
476327,Senior Engineer,d004,Production
476361,Technique Leader,d005,Development
477350,Staff,d007,Sales
477578,Senior Engineer,d005,Development
477969,Senior Engineer,d005,Development
478007,Senior Engineer,d004,Production
478170,Engineer,d005,Development
478218,Engineer,d005,Development
478439,Technique Leader,d005,Development
478768,Senior Engineer,d004,Production
478799,Senior Staff,d001,Marketing
478833,Senior Engineer,d004,Production
478858,Staff,d009,Customer Service
479024,Engineer,d004,Production
479407,Senior Engineer,d004,Production
479601,Staff,d008,Research
479695,Staff,d001,Marketing
480035,Staff,d005,Development
480066,Senior Engineer,d006,Quality Management
480178,Staff,d008,Research
480268,Technique Leader,d005,Development
480407,Senior Engineer,d005,Development
481050,Staff,d003,Human Resources
481213,Staff,d007,Sales
481397,Assistant Engineer,d004,Production
481764,Senior Engineer,d004,Production
481790,Senior Engineer,d005,Development
482335,Engineer,d005,Development
482354,Staff,d008,Research
482755,Staff,d001,Marketing
482885,Senior Engineer,d004,Production
482905,Senior Staff,d002,Finance
482944,Staff,d007,Sales
483401,Senior Staff,d007,Sales
483675,Senior Engineer,d004,Production
483825,Senior Engineer,d004,Production
483838,Assistant Engineer,d004,Production
483978,Staff,d007,Sales
484126,Senior Staff,d003,Human Resources
484142,Staff,d003,Human Resources
484498,Senior Engineer,d004,Production
484756,Senior Engineer,d005,Development
485253,Senior Staff,d009,Customer Service
485489,Senior Engineer,d005,Development
485577,Senior Engineer,d005,Development
485579,Senior Engineer,d005,Development
485799,Senior Staff,d008,Research
485817,Engineer,d004,Production
486068,Staff,d003,Human Resources
486808,Senior Engineer,d006,Quality Management
486918,Senior Staff,d007,Sales
486956,Engineer,d004,Production
486958,Senior Engineer,d005,Development
487008,Senior Staff,d007,Sales
487505,Staff,d008,Research
487988,Staff,d003,Human Resources
488095,Senior Staff,d009,Customer Service
488142,Staff,d007,Sales
488482,Engineer,d005,Development
488540,Senior Staff,d002,Finance
488619,Engineer,d004,Production
488693,Senior Engineer,d005,Development
488707,Staff,d007,Sales
488752,Staff,d001,Marketing
488788,Staff,d009,Customer Service
488984,Staff,d002,Finance
489755,Staff,d002,Finance
489756,Staff,d002,Finance
489928,Assistant Engineer,d005,Development
490551,Engineer,d005,Development
490557,Senior Engineer,d004,Production
490568,Senior Engineer,d005,Development
490720,Senior Engineer,d004,Production
491079,Senior Engineer,d005,Development
491162,Senior Engineer,d005,Development
491478,Staff,d007,Sales
491596,Senior Engineer,d004,Production
491632,Staff,d009,Customer Service
492000,Staff,d003,Human Resources
492052,Staff,d009,Customer Service
492217,Senior Engineer,d005,Development
492639,Engineer,d005,Development
492677,Senior Engineer,d004,Production
493031,Staff,d009,Customer Service
493048,Staff,d007,Sales
493096,Engineer,d005,Development
493744,Senior Engineer,d004,Production
494019,Staff,d001,Marketing
494088,Senior Engineer,d004,Production
494493,Staff,d001,Marketing
494995,Staff,d007,Sales
496100,Staff,d009,Customer Service
496970,Senior Engineer,d004,Production
496978,Staff,d001,Marketing
497007,Senior Engineer,d004,Production
497174,Senior Engineer,d005,Development
497340,Senior Staff,d001,Marketing
497391,Engineer,d006,Quality Management
497835,Technique Leader,d004,Production
498185,Senior Engineer,d005,Development
498337,Staff,d007,Sales
498456,Staff,d009,Customer Service
498635,Staff,d007,Sales
498838,Staff,d008,Research
498845,Senior Engineer,d005,Development
498955,Senior Engineer,d004,Production
499194,Senior Staff,d001,Marketing
499260,Engineer,d004,Production
499495,Engineer,d005,Development
